--
-- Script was generated by Devart dbForge Studio 2020 for MySQL, Version 9.0.660.0
-- Product home page: http://www.devart.com/dbforge/mysql/studio
-- Script date 06/07/2022 23:38:41
-- Server version: 8.0.29
-- Client version: 4.1
--


SET NAMES 'utf8';

INSERT INTO tickettac.client(id, nom, prenom, entreprise, email) VALUES
(1, 'Jourjon', 'Martin', 'UNC', 'martin@jourjon.com'),
(2, 'Genelot', 'Mattias', 'UNC', 'mattias@unc.com'),
(3, 'Nossereau', 'Matteo', 'UNC', 'matteo@unc.com'),
(4, 'Michel', 'Florian', 'UNC', 'florian@unc.com'),
(5, 'Bridon', 'Jocelyn', 'UNC', 'jocelyn@unc.com'),
(6, 'Guidet', 'Galadrielle', 'LSI1', 'galadrielle@unc.com');


INSERT INTO tickettac.developpeur(id, nom, prenom, profilPicture, email, password, noisettes) VALUES
(1, 'Loppeur', 'Dev', '../ici/juste/la', 'developpeur@test.com', '1234', 100),
(2, 'TAN', 'Lucie', '..on/en/a/pas', 'lucie.tan@dev.com', '1234', 0);


INSERT INTO tickettac.projet(id, nom) VALUES
(1, 'superProjet'),
(2, 'ProjetBDD'),
(3, 'ProjetWeb'),
(4, 'RefonteDuSiteEfrei'),
(5, 'ApprendreVueJS');


INSERT INTO tickettac.rapporteur(id, nom, prenom, email, password, profilPicture) VALUES
(1, 'Porteur', 'Rap', 'rapporteur@test.com', '1234', '../ici/juste/la'),
(2, 'LIARD', 'Audran', 'audran.liard@rap.com', '1234', '../on/en/a/toujours/pas');


INSERT INTO tickettac.ticket(id, idDev, idRapporteur, nom, dateStart, etatAvancement, importance, description, idProjet, idClient, dateAssign, dateEnd) VALUES
(1, NULL, 1, 'Prise', '2022-02-25 22:31:21', 'A_FAIRE', 'URGENT', 'j''ai mis les doigts dans la prise OMG. y''a tout qui brule alerte vite\r\n', 1, 3, NULL, NULL),
(2, NULL, 1, 'Cable internet rongé', '2022-02-11 00:00:00', 'A_FAIRE', 'URGENT', 'plus de cable ca bug un peu....', 3, 3, NULL, NULL),
(3, NULL, 2, 'J''ai pas de co', '2022-03-10 00:00:00', 'A_FAIRE', 'IMPORTANT', 'Bah ducoup je joue au petit dinausor sur google', 3, 3, NULL, NULL),
(4, NULL, 2, 'Choupi fait des NFT', '2022-04-14 00:00:00', 'A_FAIRE', 'IMPORTANT', 'J''ai vu ca sur twitter, c''est vraiment bizarre..', 1, 4, NULL, NULL),
(5, NULL, 2, 'Modifier des phrases', '2022-06-22 00:00:00', 'A_FAIRE', 'IMPORTANT', 'C''est vraiment pas drole, j''en Neymar ta compris tsé\r\nen plus Vinicius est le meilleur joueur du monde.', 3, 4, NULL, NULL),
(6, NULL, 1, 'Faire un MLD', '2022-06-15 00:00:00', 'A_FAIRE', 'MINEUR', 'En vrai on aurais du faire ca direct, mais Michel à décider d''aller boir un coup dans le nouveau bar d''a coté et du coup on avait plus le temps ...', 3, 4, NULL, NULL),
(7, NULL, 1, 'Créer le projet', '2022-07-06 00:00:00', 'A_FAIRE', 'MINEUR', 'Bon ca fait 5 mois qu''on à commencé faudrait peut-être faire un répo les gars', 4, 4, NULL, NULL),
(8, NULL, 2, 'Radiateur en panne', '2022-05-12 00:00:00', 'A_FAIRE', 'MINEUR', 'Les radiateurs sont moins cher chez but !', 4, 6, NULL, NULL),
(9, NULL, 1, 'Plus rien', '2022-05-18 00:00:00', 'A_FAIRE', 'MINEUR', 'Bon j''ai missclick les gars...', 5, 6, NULL, NULL),
(10, NULL, 2, 'Les toilettes sont bouchées', '2022-05-17 00:00:00', 'A_FAIRE', 'MINEUR', 'Michel encore toi ? nan parceque la c''est grave faut lui payer un médecin', 5, 6, NULL, NULL),
(12, 1, 2, 'Il fait chaud', '2022-03-23 00:00:00', 'FINI', 'MINEUR', 'je coule.', 4, 6, '2022-03-23 00:00:00', '2022-03-25 00:00:00'),
(13, 1, 2, 'Je suis pas assez payé', '2022-02-17 23:31:20', 'FINI', 'MINEUR', '5034 euros. Et oui vous réver pas, c''est tout alors que je sort d''école d''INGENIEUR EFREI PARIS ! seulement 5 petits milliers d''euros quoi ! il manque pas un zéro ?', 4, 5, '2022-02-17 23:31:20', '2022-02-18 23:31:20'),
(14, 1, 2, 'Les stagiaires font pas du bon café', '2022-04-12 00:00:00', 'FINI', 'IMPORTANT', 'le nespresso faut arreter... je sais que Matilde adore mais elle est pas seule... jpp quoi', 4, 5, '2022-04-12 00:00:00', '2022-04-20 00:00:00'),
(15, 1, 2, 'Barbeq annulé', '2022-05-16 00:00:00', 'FINI', 'MINEUR', 'SUPER ! Merci Météo en france ! COMME PAR HASARD il pleut alors que normalement, il fait beau ! dégouté...', 2, 2, '2022-05-16 00:00:00', '2022-05-17 00:00:00'),
(16, 1, 2, 'Lendemain de soirée difficile', '2022-07-13 00:00:00', 'FINI', 'MINEUR', 'jedeq sudeis tqro den,, le maaaleu....', 2, 5, '2022-07-13 00:00:00', '2022-07-15 00:00:00'),
(17, 1, 2, 'Electricity', '2022-06-23 00:00:00', 'FINI', 'MINEUR', 'Zaaap', 4, 5, '2022-06-23 00:00:00', '2022-06-30 00:00:00'),
(18, 1, 2, 'Ca Lag 2 : Le retour', '2022-03-01 00:00:00', 'FINI', 'MINEUR', 'Les gars j''ai {PACKET ERROR}', 4, 5, '2022-03-01 00:00:00', '2022-03-04 00:00:00'),
(19, 1, 2, 'Y''a un poisson dans les serveurs', '2022-04-07 00:00:00', 'FINI', 'MINEUR', 'je l''ai nommé Tibo du coup.', 5, 2, '2022-04-07 00:00:00', '2022-04-12 00:00:00'),
(20, 1, 2, '3457 Conflits', '2022-05-19 00:00:00', 'FINI', 'MINEUR', 'ca fait beaucoup la non ?', 5, 5, '2022-05-19 00:00:00', '2022-05-20 00:00:00'),
(21, 1, 1, 'Patrick est parti sans push', '2022-05-10 00:00:00', 'FINI', 'IMPORTANT', 'Patrick part en congé patternité + congé 2 semaines + formation 2 mois en RUST et il à pas push c''est sur son fix en Allemagne ... on est perdu', 5, 5, '2022-05-11 00:00:00', '2022-05-16 00:00:00'),
(22, 1, 1, 'Normal', '2022-02-21 00:00:00', 'FINI', 'IMPORTANT', 'je leve mon verre a ceux qui sortent pas', 5, 2, '2022-02-22 00:00:00', '2022-02-24 00:00:00'),
(23, 1, 1, 'Il fait froid', '2022-03-31 00:00:00', 'FINI', 'IMPORTANT', 'salle 204 impossible de dormir tranquillement sans choppé la crève... 2tiers de l''équipe malade... horrible', 2, 5, '2022-03-31 00:00:00', '2022-04-02 00:00:00'),
(24, 1, 1, 'Posé dans le club', '2022-06-01 00:00:00', 'FINI', 'URGENT', 'normal', 2, 2, '2022-06-01 00:00:00', '2022-06-10 00:00:00'),
(25, 1, 1, 'Bouton rouge pas cool', '2022-06-15 00:00:00', 'FINI', 'URGENT', 'il est genre... TOUT ROUGE ', 2, 1, '2022-06-15 00:00:00', '2022-06-16 00:00:00'),
(26, 1, 1, 'Ca lag', '2022-07-05 00:00:00', 'EN_COURS', 'URGENT', 'Qui dl la ?', 1, 1, '2022-07-06 00:00:00', NULL),
(27, 2, 2, 'Y''a plus d''eau 2 : la révélation de jean claude vandame', '2022-05-11 00:00:00', 'FINI', 'MINEUR', 'jean claude avait donc vu juste...', 1, 1, '2022-05-12 00:00:00', '2022-05-13 00:00:00'),
(28, 2, 2, 'Y''a plus d''eau', '2022-07-01 00:00:00', 'FINI', 'MINEUR', 'j''ai soif', 2, 2, '2022-07-01 00:00:00', '2022-07-04 00:00:00'),
(29, 2, 2, 'ZZCCMXTP CD rayé', '2022-04-04 00:00:00', 'EN_COURS', 'IMPORTANT', 'marche po', 1, 3, '2022-04-04 00:00:00', NULL),
(30, 2, 1, 'Le ventilateur tourne trop', '2022-04-11 00:00:00', 'FINI', 'IMPORTANT', 'bon avant il faisait chaud, maintenant il fait froid, y''a un moment faut faire quelque chose.', 3, 4, '2022-04-15 00:00:00', '2022-04-18 00:00:00'),
(31, 2, 1, 'Enfaite on fait plus faillite', '2022-04-18 00:00:00', 'FINI', 'IMPORTANT', 'FIOUF merci à Jean Eude qui nous à fait investir sur le bitcoin !', 1, 1, '2022-04-18 00:00:00', '2022-04-19 00:00:00'),
(32, 2, 1, 'On fait faillite', '2022-06-21 00:00:00', 'FINI', 'URGENT', 'Dans le titre. aled.', 5, 4, '2022-06-22 00:00:00', '2022-06-23 00:00:00'),
(33, 2, 1, 'Il fait chaud 2 : La revanche', '2022-03-23 00:00:00', 'EN_COURS', 'URGENT', 'Bon clim encore HS, vraiment faut coder un truc pour la réparer, genre reparer(this.ventilo)', 1, 1, '2022-03-24 00:00:00', NULL);